{
  "id": "2791172",
  "name": "twitter",
  "font_family": "iconfont",
  "css_prefix_text": "icon-",
  "description": "",
  "glyphs": [
    {
      "icon_id": "43244176",
      "name": "book",
      "font_class": "book",
      "unicode": "e67b",
      "unicode_decimal": 59003
    },
    {
      "icon_id": "43244173",
      "name": "火箭",
      "font_class": "rocket",
      "unicode": "e67c",
      "unicode_decimal": 59004
    },
    {
      "icon_id": "43244174",
      "name": "引用",
      "font_class": "quote",
      "unicode": "e67d",
      "unicode_decimal": 59005
    },
    {
      "icon_id": "43244175",
      "name": "赞",
      "font_class": "thumbs-up-fill",
      "unicode": "e67e",
      "unicode_decimal": 59006
    },
    {
      "icon_id": "43244170",
      "name": "赞2",
      "font_class": "thumbs-down-fill",
      "unicode": "e67f",
      "unicode_decimal": 59007
    },
    {
      "icon_id": "43244171",
      "name": "徽章",
      "font_class": "badge",
      "unicode": "e681",
      "unicode_decimal": 59009
    },
    {
      "icon_id": "43244169",
      "name": "饼干",
      "font_class": "cookie",
      "unicode": "e683",
      "unicode_decimal": 59011
    },
    {
      "icon_id": "43244168",
      "name": "lock",
      "font_class": "lock",
      "unicode": "e684",
      "unicode_decimal": 59012
    },
    {
      "icon_id": "43244167",
      "name": "mute",
      "font_class": "mute",
      "unicode": "e686",
      "unicode_decimal": 59014
    },
    {
      "icon_id": "43244166",
      "name": "copy",
      "font_class": "copy1",
      "unicode": "e687",
      "unicode_decimal": 59015
    },
    {
      "icon_id": "43244165",
      "name": "exchange",
      "font_class": "exchange",
      "unicode": "e688",
      "unicode_decimal": 59016
    },
    {
      "icon_id": "43233689",
      "name": "edit",
      "font_class": "edit",
      "unicode": "e67a",
      "unicode_decimal": 59002
    },
    {
      "icon_id": "43233688",
      "name": "paper-plane",
      "font_class": "paper-plane",
      "unicode": "e676",
      "unicode_decimal": 58998
    },
    {
      "icon_id": "43233470",
      "name": "set",
      "font_class": "set",
      "unicode": "e679",
      "unicode_decimal": 59001
    },
    {
      "icon_id": "43233431",
      "name": "timer",
      "font_class": "timer",
      "unicode": "e677",
      "unicode_decimal": 58999
    },
    {
      "icon_id": "43233430",
      "name": "filter",
      "font_class": "filter",
      "unicode": "e678",
      "unicode_decimal": 59000
    },
    {
      "icon_id": "43233408",
      "name": "crowd",
      "font_class": "crowd",
      "unicode": "e671",
      "unicode_decimal": 58993
    },
    {
      "icon_id": "43233409",
      "name": "news",
      "font_class": "news",
      "unicode": "e672",
      "unicode_decimal": 58994
    },
    {
      "icon_id": "43233410",
      "name": "chart",
      "font_class": "chart",
      "unicode": "e674",
      "unicode_decimal": 58996
    },
    {
      "icon_id": "43233411",
      "name": "podcast",
      "font_class": "podcast",
      "unicode": "e675",
      "unicode_decimal": 58997
    },
    {
      "icon_id": "43233307",
      "name": "thumbs-up",
      "font_class": "thumbs-up",
      "unicode": "e670",
      "unicode_decimal": 58992
    },
    {
      "icon_id": "43233312",
      "name": "history",
      "font_class": "history",
      "unicode": "e66c",
      "unicode_decimal": 58988
    },
    {
      "icon_id": "43233311",
      "name": "attachment",
      "font_class": "attachment",
      "unicode": "e66d",
      "unicode_decimal": 58989
    },
    {
      "icon_id": "43233310",
      "name": "edit3",
      "font_class": "edit3",
      "unicode": "e66e",
      "unicode_decimal": 58990
    },
    {
      "icon_id": "43233309",
      "name": "thumbs-down",
      "font_class": "thumbs-down",
      "unicode": "e66b",
      "unicode_decimal": 58987
    },
    {
      "icon_id": "43233308",
      "name": "columns",
      "font_class": "columns",
      "unicode": "e66f",
      "unicode_decimal": 58991
    },
    {
      "icon_id": "42969701",
      "name": "messages-fill",
      "font_class": "messages-fill",
      "unicode": "e666",
      "unicode_decimal": 58982
    },
    {
      "icon_id": "42969702",
      "name": "notifications-fill",
      "font_class": "notifications-fill",
      "unicode": "e667",
      "unicode_decimal": 58983
    },
    {
      "icon_id": "42969703",
      "name": "user-fill",
      "font_class": "user-fill",
      "unicode": "e668",
      "unicode_decimal": 58984
    },
    {
      "icon_id": "42969699",
      "name": "search-fill",
      "font_class": "search-fill",
      "unicode": "e669",
      "unicode_decimal": 58985
    },
    {
      "icon_id": "42969700",
      "name": "pal-fill",
      "font_class": "pal-fill",
      "unicode": "e66a",
      "unicode_decimal": 58986
    },
    {
      "icon_id": "42969692",
      "name": "home-fill",
      "font_class": "home-fill",
      "unicode": "e665",
      "unicode_decimal": 58981
    },
    {
      "icon_id": "39973343",
      "name": "color-palette",
      "font_class": "color-palette",
      "unicode": "e6ef",
      "unicode_decimal": 59119
    },
    {
      "icon_id": "39972862",
      "name": "edit2",
      "font_class": "edit2",
      "unicode": "e6cf",
      "unicode_decimal": 59087
    },
    {
      "icon_id": "39971576",
      "name": "arrow-up-right",
      "font_class": "arrow-up-right",
      "unicode": "e6cd",
      "unicode_decimal": 59085
    },
    {
      "icon_id": "39939647",
      "name": "job",
      "font_class": "job",
      "unicode": "e65d",
      "unicode_decimal": 58973
    },
    {
      "icon_id": "39939648",
      "name": "logout",
      "font_class": "logout",
      "unicode": "e65e",
      "unicode_decimal": 58974
    },
    {
      "icon_id": "39939646",
      "name": "ad",
      "font_class": "ad",
      "unicode": "e65f",
      "unicode_decimal": 58975
    },
    {
      "icon_id": "37058829",
      "name": "close-o",
      "font_class": "close-o",
      "unicode": "e6a9",
      "unicode_decimal": 59049
    },
    {
      "icon_id": "38588803",
      "name": "verified",
      "font_class": "verified",
      "unicode": "e651",
      "unicode_decimal": 58961
    },
    {
      "icon_id": "38588802",
      "name": "warn",
      "font_class": "warn",
      "unicode": "e652",
      "unicode_decimal": 58962
    },
    {
      "icon_id": "38588801",
      "name": "pal",
      "font_class": "pal",
      "unicode": "e653",
      "unicode_decimal": 58963
    },
    {
      "icon_id": "38588800",
      "name": "reload",
      "font_class": "reload",
      "unicode": "e654",
      "unicode_decimal": 58964
    },
    {
      "icon_id": "38588798",
      "name": "eye",
      "font_class": "eye",
      "unicode": "e655",
      "unicode_decimal": 58965
    },
    {
      "icon_id": "38588799",
      "name": "follow",
      "font_class": "follow",
      "unicode": "e656",
      "unicode_decimal": 58966
    },
    {
      "icon_id": "38588797",
      "name": "home",
      "font_class": "home",
      "unicode": "e657",
      "unicode_decimal": 58967
    },
    {
      "icon_id": "38588796",
      "name": "hide1",
      "font_class": "hide1",
      "unicode": "e658",
      "unicode_decimal": 58968
    },
    {
      "icon_id": "38588795",
      "name": "group",
      "font_class": "group",
      "unicode": "e659",
      "unicode_decimal": 58969
    },
    {
      "icon_id": "38588793",
      "name": "money",
      "font_class": "money",
      "unicode": "e65a",
      "unicode_decimal": 58970
    },
    {
      "icon_id": "38588794",
      "name": "lists",
      "font_class": "lists",
      "unicode": "e65b",
      "unicode_decimal": 58971
    },
    {
      "icon_id": "38588792",
      "name": "birthday",
      "font_class": "birthday",
      "unicode": "e65c",
      "unicode_decimal": 58972
    },
    {
      "icon_id": "38526294",
      "name": "fav-fill",
      "font_class": "fav-fill",
      "unicode": "e64f",
      "unicode_decimal": 58959
    },
    {
      "icon_id": "38526295",
      "name": "heart-fill",
      "font_class": "heart-fill",
      "unicode": "e650",
      "unicode_decimal": 58960
    },
    {
      "icon_id": "33523355",
      "name": "lottery",
      "font_class": "lottery",
      "unicode": "e64d",
      "unicode_decimal": 58957
    },
    {
      "icon_id": "33523356",
      "name": "lottery2",
      "font_class": "lottery2",
      "unicode": "e64e",
      "unicode_decimal": 58958
    },
    {
      "icon_id": "36037",
      "name": "present",
      "font_class": "present",
      "unicode": "e6d3",
      "unicode_decimal": 59091
    },
    {
      "icon_id": "252290",
      "name": "add",
      "font_class": "add",
      "unicode": "e767",
      "unicode_decimal": 59239
    },
    {
      "icon_id": "1096513",
      "name": "medal",
      "font_class": "medal",
      "unicode": "e7c2",
      "unicode_decimal": 59330
    },
    {
      "icon_id": "18435461",
      "name": "clap",
      "font_class": "clap",
      "unicode": "e64c",
      "unicode_decimal": 58956
    },
    {
      "icon_id": "33440148",
      "name": "feather",
      "font_class": "feather",
      "unicode": "e64b",
      "unicode_decimal": 58955
    },
    {
      "icon_id": "33438677",
      "name": "analytics",
      "font_class": "analytics",
      "unicode": "e644",
      "unicode_decimal": 58948
    },
    {
      "icon_id": "33438679",
      "name": "comment",
      "font_class": "comment",
      "unicode": "e646",
      "unicode_decimal": 58950
    },
    {
      "icon_id": "33438680",
      "name": "thumbtack",
      "font_class": "thumbtack",
      "unicode": "e647",
      "unicode_decimal": 58951
    },
    {
      "icon_id": "33438681",
      "name": "code",
      "font_class": "code",
      "unicode": "e648",
      "unicode_decimal": 58952
    },
    {
      "icon_id": "33438682",
      "name": "trash",
      "font_class": "trash",
      "unicode": "e649",
      "unicode_decimal": 58953
    },
    {
      "icon_id": "33438683",
      "name": "upload",
      "font_class": "upload",
      "unicode": "e64a",
      "unicode_decimal": 58954
    },
    {
      "icon_id": "33438621",
      "name": "camera",
      "font_class": "camera",
      "unicode": "e63f",
      "unicode_decimal": 58943
    },
    {
      "icon_id": "33438623",
      "name": "link",
      "font_class": "link",
      "unicode": "e641",
      "unicode_decimal": 58945
    },
    {
      "icon_id": "33438626",
      "name": "date",
      "font_class": "date",
      "unicode": "e642",
      "unicode_decimal": 58946
    },
    {
      "icon_id": "33438627",
      "name": "report",
      "font_class": "report",
      "unicode": "e643",
      "unicode_decimal": 58947
    },
    {
      "icon_id": "33438304",
      "name": "retweet",
      "font_class": "retweet",
      "unicode": "e63c",
      "unicode_decimal": 58940
    },
    {
      "icon_id": "33438305",
      "name": "home3",
      "font_class": "home3",
      "unicode": "e63d",
      "unicode_decimal": 58941
    },
    {
      "icon_id": "33438306",
      "name": "search",
      "font_class": "search",
      "unicode": "e63e",
      "unicode_decimal": 58942
    },
    {
      "icon_id": "33438297",
      "name": "messages",
      "font_class": "messages",
      "unicode": "e635",
      "unicode_decimal": 58933
    },
    {
      "icon_id": "33438298",
      "name": "fav",
      "font_class": "fav",
      "unicode": "e636",
      "unicode_decimal": 58934
    },
    {
      "icon_id": "33438299",
      "name": "more-o",
      "font_class": "more-o",
      "unicode": "e637",
      "unicode_decimal": 58935
    },
    {
      "icon_id": "33438300",
      "name": "notifications",
      "font_class": "notifications",
      "unicode": "e638",
      "unicode_decimal": 58936
    },
    {
      "icon_id": "33438301",
      "name": "user",
      "font_class": "user",
      "unicode": "e639",
      "unicode_decimal": 58937
    },
    {
      "icon_id": "33438302",
      "name": "topics",
      "font_class": "topics",
      "unicode": "e63a",
      "unicode_decimal": 58938
    },
    {
      "icon_id": "33438303",
      "name": "heart",
      "font_class": "heart",
      "unicode": "e63b",
      "unicode_decimal": 58939
    },
    {
      "icon_id": "33438290",
      "name": "info",
      "font_class": "info",
      "unicode": "e631",
      "unicode_decimal": 58929
    },
    {
      "icon_id": "33438291",
      "name": "display",
      "font_class": "display",
      "unicode": "e632",
      "unicode_decimal": 58930
    },
    {
      "icon_id": "33438292",
      "name": "deactivate",
      "font_class": "deactivate",
      "unicode": "e633",
      "unicode_decimal": 58931
    },
    {
      "icon_id": "33438293",
      "name": "teams",
      "font_class": "teams",
      "unicode": "e634",
      "unicode_decimal": 58932
    },
    {
      "icon_id": "33438285",
      "name": "explore",
      "font_class": "explore",
      "unicode": "e62f",
      "unicode_decimal": 58927
    },
    {
      "icon_id": "33438286",
      "name": "key",
      "font_class": "key",
      "unicode": "e630",
      "unicode_decimal": 58928
    },
    {
      "icon_id": "33437944",
      "name": "magic-color",
      "font_class": "magic-color",
      "unicode": "e62e",
      "unicode_decimal": 58926
    },
    {
      "icon_id": "33437396",
      "name": "magic",
      "font_class": "magic",
      "unicode": "e62d",
      "unicode_decimal": 58925
    },
    {
      "icon_id": "6987097",
      "name": "reply",
      "font_class": "reply",
      "unicode": "e961",
      "unicode_decimal": 59745
    },
    {
      "icon_id": "17103954",
      "name": "coin-line",
      "font_class": "coin",
      "unicode": "e7ab",
      "unicode_decimal": 59307
    },
    {
      "icon_id": "11372664",
      "name": "红包",
      "font_class": "redpacket",
      "unicode": "e8b0",
      "unicode_decimal": 59568
    },
    {
      "icon_id": "11488199",
      "name": "sun",
      "font_class": "sun",
      "unicode": "e771",
      "unicode_decimal": 59249
    },
    {
      "icon_id": "11488205",
      "name": "moon",
      "font_class": "moon",
      "unicode": "e773",
      "unicode_decimal": 59251
    },
    {
      "icon_id": "36021",
      "name": "selection",
      "font_class": "reward",
      "unicode": "e6ce",
      "unicode_decimal": 59086
    },
    {
      "icon_id": "252292",
      "name": "safe",
      "font_class": "safe",
      "unicode": "e769",
      "unicode_decimal": 59241
    },
    {
      "icon_id": "289090",
      "name": "sponsor",
      "font_class": "sponsor",
      "unicode": "e77d",
      "unicode_decimal": 59261
    },
    {
      "icon_id": "7008897",
      "name": "brush",
      "font_class": "brush",
      "unicode": "e6e5",
      "unicode_decimal": 59109
    },
    {
      "icon_id": "7008930",
      "name": "enter",
      "font_class": "enter",
      "unicode": "e6f8",
      "unicode_decimal": 59128
    },
    {
      "icon_id": "7008953",
      "name": "label",
      "font_class": "label",
      "unicode": "e706",
      "unicode_decimal": 59142
    },
    {
      "icon_id": "7008997",
      "name": "return",
      "font_class": "return",
      "unicode": "e720",
      "unicode_decimal": 59168
    },
    {
      "icon_id": "24111205",
      "name": "gif",
      "font_class": "gif",
      "unicode": "e62a",
      "unicode_decimal": 58922
    },
    {
      "icon_id": "24111206",
      "name": "image",
      "font_class": "image",
      "unicode": "e62b",
      "unicode_decimal": 58923
    },
    {
      "icon_id": "24111207",
      "name": "smile",
      "font_class": "smile",
      "unicode": "e62c",
      "unicode_decimal": 58924
    },
    {
      "icon_id": "24111199",
      "name": "moment",
      "font_class": "moment",
      "unicode": "e628",
      "unicode_decimal": 58920
    },
    {
      "icon_id": "24111185",
      "name": "shield",
      "font_class": "shield",
      "unicode": "e623",
      "unicode_decimal": 58915
    },
    {
      "icon_id": "24111184",
      "name": "cry",
      "font_class": "cry",
      "unicode": "e622",
      "unicode_decimal": 58914
    },
    {
      "icon_id": "24111177",
      "name": "earth",
      "font_class": "earth",
      "unicode": "e61f",
      "unicode_decimal": 58911
    },
    {
      "icon_id": "24111178",
      "name": "location",
      "font_class": "location",
      "unicode": "e620",
      "unicode_decimal": 58912
    },
    {
      "icon_id": "24111169",
      "name": "copy",
      "font_class": "copy",
      "unicode": "e61a",
      "unicode_decimal": 58906
    },
    {
      "icon_id": "24111163",
      "name": "download",
      "font_class": "download",
      "unicode": "e616",
      "unicode_decimal": 58902
    },
    {
      "icon_id": "24111159",
      "name": "close",
      "font_class": "close",
      "unicode": "e612",
      "unicode_decimal": 58898
    },
    {
      "icon_id": "18649196",
      "name": "help",
      "font_class": "help",
      "unicode": "e60c",
      "unicode_decimal": 58892
    },
    {
      "icon_id": "33540070",
      "name": "right-arrow",
      "font_class": "right-arrow",
      "unicode": "e962",
      "unicode_decimal": 59746
    },
    {
      "icon_id": "4936987",
      "name": "weibo",
      "font_class": "weibo",
      "unicode": "e882",
      "unicode_decimal": 59522
    },
    {
      "icon_id": "4936991",
      "name": "wechat",
      "font_class": "wechat",
      "unicode": "e883",
      "unicode_decimal": 59523
    },
    {
      "icon_id": "7008971",
      "name": "more",
      "font_class": "more",
      "unicode": "e710",
      "unicode_decimal": 59152
    },
    {
      "icon_id": "15838484",
      "name": "hide",
      "font_class": "hide",
      "unicode": "e673",
      "unicode_decimal": 58995
    },
    {
      "icon_id": "15838540",
      "name": "time",
      "font_class": "time",
      "unicode": "e680",
      "unicode_decimal": 59008
    },
    {
      "icon_id": "18649189",
      "name": "more2",
      "font_class": "more2",
      "unicode": "e605",
      "unicode_decimal": 58885
    },
    {
      "icon_id": "18649193",
      "name": "lists2",
      "font_class": "lists2",
      "unicode": "e609",
      "unicode_decimal": 58889
    },
    {
      "icon_id": "18649199",
      "name": "set2",
      "font_class": "set2",
      "unicode": "e60f",
      "unicode_decimal": 58895
    },
    {
      "icon_id": "18649714",
      "name": "left-arrow",
      "font_class": "left-arrow",
      "unicode": "e613",
      "unicode_decimal": 58899
    },
    {
      "icon_id": "18649721",
      "name": "send",
      "font_class": "send",
      "unicode": "e619",
      "unicode_decimal": 58905
    }
  ]
}
